id,first_name,last_name,email,gender,ip_address
1,Savina,Yaakov,syaakov0@oaic.gov.au,Female,215.49.241.161
2,Courtney,Bridgestock,cbridgestock1@foxnews.com,Male,88.148.69.92
3,Germayne,Bulch,gbulch2@usatoday.com,Male,122.138.111.103
4,Rocky,Northleigh,rnorthleigh3@ameblo.jp,Genderqueer,127.15.222.149
5,Bogart,Skewes,bskewes4@behance.net,Male,221.48.178.45
6,Holden,Hyndman,hhyndman5@technorati.com,Male,142.189.103.175
7,Adrianne,Lackinton,alackinton6@chron.com,Female,172.55.130.44
8,Hy,Hugk,hhugk7@howstuffworks.com,Male,181.82.212.119
9,Amandy,Towll,atowll8@ebay.co.uk,Female,100.44.145.5
10,Sasha,Birckmann,sbirckmann9@tamu.edu,Female,92.232.133.226
11,Worthy,Telling,wtellinga@samsung.com,Male,38.91.211.62
12,Patrica,Plumridege,pplumridegeb@gizmodo.com,Female,25.152.194.52
13,Weider,Cruttenden,wcruttendenc@slideshare.net,Genderqueer,185.20.183.190
14,Reube,Knoton,rknotond@zdnet.com,Male,92.167.22.190
15,Papageno,Ryland,prylande@virginia.edu,Male,52.116.8.214
16,Lorri,Snel,lsnelf@51.la,Female,50.105.84.96
17,Charyl,Screen,cscreeng@nytimes.com,Female,54.234.206.16
18,Carlin,Coggings,ccoggingsh@howstuffworks.com,Female,135.227.72.54
19,Margit,Oaker,moakeri@godaddy.com,Female,244.208.12.105
20,Patin,Philliphs,pphilliphsj@opensource.org,Male,158.130.69.150
21,Tailor,Gavey,tgaveyk@pen.io,Male,7.183.161.14
22,Aaron,Shapland,ashaplandl@chicagotribune.com,Male,235.199.60.234
23,Marena,Clavering,mclaveringm@netscape.com,Female,162.241.224.71
24,Harald,Batiste,hbatisten@aboutads.info,Male,172.48.237.41
25,Dwayne,O' Shea,dosheao@java.com,Male,68.7.115.7
26,Dian,Colmore,dcolmorep@wiley.com,Female,233.46.175.108
27,Nikolas,Slee,nsleeq@google.nl,Male,118.116.29.64
28,Sayre,Brammer,sbrammerr@home.pl,Male,219.147.114.136
29,Galen,Landall,glandalls@redcross.org,Male,251.98.107.229
30,Alayne,Rizzelli,arizzellit@plala.or.jp,Female,239.20.108.103
31,Baxie,Sterrick,bsterricku@wix.com,Polygender,150.100.205.211
32,Eran,Papps,epappsv@sakura.ne.jp,Female,27.160.10.168
33,Guido,Pracy,gpracyw@blogspot.com,Male,120.92.28.128
34,Brander,Elmhirst,belmhirstx@mysql.com,Male,141.122.67.89
35,Elvyn,McCarrell,emccarrelly@usgs.gov,Male,96.192.130.144
36,Quint,Thuillier,qthuillierz@netvibes.com,Male,24.100.150.43
37,Lilllie,Caple,lcaple10@bluehost.com,Female,149.186.228.251
38,Newton,Coggon,ncoggon11@creativecommons.org,Male,67.186.247.84
39,Livvyy,Blyth,lblyth12@diigo.com,Female,81.151.123.130
40,Erl,Kleynen,ekleynen13@ucoz.com,Male,136.61.210.191
41,Deanne,Jerrand,djerrand14@wisc.edu,Female,43.66.192.195
42,Steven,Winthrop,swinthrop15@jiathis.com,Male,200.59.219.196
43,Ev,Dizlie,edizlie16@arizona.edu,Male,246.215.72.177
44,Lurline,Moulder,lmoulder17@samsung.com,Female,82.51.116.39
45,Jillie,Alpine,jalpine18@wisc.edu,Female,167.187.3.41
46,Oriana,Bruckshaw,obruckshaw19@cisco.com,Female,200.186.175.254
47,Kattie,Fenimore,kfenimore1a@slideshare.net,Female,170.77.233.33
48,Gary,Gyde,ggyde1b@rakuten.co.jp,Male,154.27.95.74
49,William,McGeneay,wmcgeneay1c@engadget.com,Male,191.116.13.93
50,Thatch,Dmitrichenko,tdmitrichenko1d@trellian.com,Male,6.25.127.115
51,Agnesse,Rallinshaw,arallinshaw1e@flavors.me,Female,13.164.89.28
52,Bryanty,Belding,bbelding1f@bloomberg.com,Male,119.4.9.193
53,Dinnie,Shearsby,dshearsby1g@paginegialle.it,Female,157.0.76.239
54,Davida,Gagie,dgagie1h@comcast.net,Female,252.162.53.59
55,Eric,Dobrowolski,edobrowolski1i@squidoo.com,Male,138.2.31.214
56,Desiree,Glennie,dglennie1j@smh.com.au,Female,145.150.110.128
57,Jamey,Peyntue,jpeyntue1k@webeden.co.uk,Male,47.114.236.31
58,Dore,Blades,dblades1l@senate.gov,Male,17.211.55.82
59,Wally,Urey,wurey1m@wix.com,Male,208.181.129.128
60,Gael,McHaffy,gmchaffy1n@g.co,Male,191.220.182.87
61,Pepillo,Kepp,pkepp1o@addtoany.com,Male,153.150.211.166
62,Laurens,Jandak,ljandak1p@sun.com,Male,183.108.129.38
63,Keven,O'Kynsillaghe,kokynsillaghe1q@ezinearticles.com,Agender,187.188.228.223
64,Courtnay,Blacksell,cblacksell1r@nba.com,Female,66.98.117.164
65,Kynthia,Goodrum,kgoodrum1s@moonfruit.com,Female,91.72.143.47
66,Ashil,Dowman,adowman1t@oakley.com,Female,124.29.197.60
67,Lucina,Kleint,lkleint1u@blogspot.com,Genderfluid,210.112.72.160
68,Thomasin,Ballantine,tballantine1v@webeden.co.uk,Non-binary,184.107.80.119
69,Robbi,Ramalhete,rramalhete1w@google.com,Female,23.232.223.233
70,Ibrahim,Awcock,iawcock1x@canalblog.com,Male,64.34.234.67
71,Cherilyn,Skates,cskates1y@epa.gov,Female,170.219.90.20
72,Orly,Brager,obrager1z@is.gd,Female,86.197.141.109
73,Sarina,Moule,smoule20@hexun.com,Female,249.228.225.209
74,Zacharie,Yurchishin,zyurchishin21@ted.com,Genderqueer,231.49.67.0
75,Tiphanie,Thirkettle,tthirkettle22@merriam-webster.com,Female,161.212.221.108
76,Der,Scandrick,dscandrick23@sogou.com,Male,40.150.223.190
77,Waite,Tippell,wtippell24@webeden.co.uk,Male,87.42.243.6
78,Sam,Leeburne,sleeburne25@paginegialle.it,Polygender,45.226.249.149
79,Elva,Copo,ecopo26@jimdo.com,Female,214.164.72.48
80,Katine,Rootham,krootham27@dmoz.org,Female,175.66.32.215
81,Gui,Stucke,gstucke28@paginegialle.it,Female,236.0.82.228
82,Goddart,McKea,gmckea29@blogspot.com,Male,112.238.163.201
83,Rriocard,Tillot,rtillot2a@mashable.com,Male,8.107.224.80
84,Webb,Lovelock,wlovelock2b@usa.gov,Male,216.124.127.228
85,Gayelord,Hillam,ghillam2c@princeton.edu,Male,11.23.137.240
86,Bary,Lorkin,blorkin2d@redcross.org,Male,232.124.254.186
87,Merl,Feathersby,mfeathersby2e@europa.eu,Female,101.222.124.127
88,Ozzy,Munden,omunden2f@pbs.org,Male,51.19.61.225
89,Jethro,Germon,jgermon2g@nationalgeographic.com,Male,23.220.143.50
90,Maura,Drewson,mdrewson2h@weebly.com,Female,53.247.228.150
91,Paolo,Simion,psimion2i@sourceforge.net,Bigender,71.48.33.121
92,Deloria,Dineen,ddineen2j@diigo.com,Genderfluid,238.125.238.42
93,Forster,Ramsey,framsey2k@oakley.com,Male,137.99.99.102
94,Raimundo,Sadler,rsadler2l@usgs.gov,Male,232.117.174.206
95,Wain,Duckerin,wduckerin2m@slate.com,Polygender,7.143.10.223
96,Zitella,Cowen,zcowen2n@ask.com,Polygender,230.208.154.132
97,Amberly,Egginton,aegginton2o@google.com,Bigender,148.195.243.138
98,Emelina,Jumonet,ejumonet2p@e-recht24.de,Female,138.89.109.14
99,Monro,Steer,msteer2q@apache.org,Non-binary,227.26.23.194
100,Tiffie,Collinge,tcollinge2r@google.es,Female,230.22.206.75
101,Roselin,Handyside,rhandyside2s@independent.co.uk,Female,159.171.114.105
102,Zane,Lean,zlean2t@github.com,Male,145.79.193.157
103,Chrissie,Stanbridge,cstanbridge2u@accuweather.com,Female,76.199.96.156
104,Tiler,Allsop,tallsop2v@cpanel.net,Male,94.100.16.236
105,Aldwin,Pic,apic2w@behance.net,Male,123.91.142.166
106,Carlee,Seleway,cseleway2x@irs.gov,Female,189.248.41.1
107,Nickolaus,Aleksidze,naleksidze2y@freewebs.com,Male,225.137.163.217
108,Dore,Chesman,dchesman2z@gravatar.com,Female,243.145.124.177
109,Hester,Philippe,hphilippe30@kickstarter.com,Female,45.111.19.58
110,Car,Lemmers,clemmers31@sohu.com,Male,238.250.25.14
111,Sibilla,Stannus,sstannus32@chicagotribune.com,Female,126.218.145.207
112,Boris,Cull,bcull33@home.pl,Male,3.37.89.205
113,Edy,McGifford,emcgifford34@bloomberg.com,Polygender,218.207.2.225
114,Pansy,Bails,pbails35@adobe.com,Female,167.170.82.52
115,Ozzie,Joncic,ojoncic36@bluehost.com,Male,100.3.162.146
116,Jerrilee,Baszkiewicz,jbaszkiewicz37@altervista.org,Female,191.248.245.150
117,Orlando,Sedgebeer,osedgebeer38@forbes.com,Male,141.7.87.50
118,Antonia,Pomfrey,apomfrey39@angelfire.com,Female,43.89.125.98
119,Annis,Rozzier,arozzier3a@newyorker.com,Female,208.152.228.43
120,Tabina,Lias,tlias3b@home.pl,Female,32.63.115.32
121,Alfi,Achromov,aachromov3c@ucoz.com,Female,99.244.76.149
122,Matthus,Ianizzi,mianizzi3d@patch.com,Male,99.188.110.2
123,Lindie,Gasker,lgasker3e@wordpress.com,Female,87.245.151.91
124,Vincenz,Roselli,vroselli3f@chronoengine.com,Male,172.239.185.248
125,Tallou,Cisland,tcisland3g@reuters.com,Female,222.153.183.225
126,Abey,Delleschi,adelleschi3h@craigslist.org,Male,162.123.89.107
127,Hercule,Gounet,hgounet3i@intel.com,Male,40.18.216.13
128,Tomas,Feldharker,tfeldharker3j@nps.gov,Male,61.190.233.195
129,Clevie,Ladds,cladds3k@goo.ne.jp,Male,58.71.190.27
130,Othelia,McEntegart,omcentegart3l@xrea.com,Female,102.170.59.105
131,Sarina,Coxall,scoxall3m@slate.com,Female,191.56.167.186
132,Sherye,Boeck,sboeck3n@merriam-webster.com,Female,136.68.161.161
133,Sondra,Gothrup,sgothrup3o@yahoo.co.jp,Female,245.152.13.97
134,Nomi,Haggerwood,nhaggerwood3p@infoseek.co.jp,Female,255.101.59.218
135,Leonelle,Dumbleton,ldumbleton3q@uol.com.br,Female,147.243.179.58
136,Roth,Goodier,rgoodier3r@angelfire.com,Male,203.187.51.174
137,Rory,Vasilyonok,rvasilyonok3s@blogs.com,Female,62.89.29.87
138,Henrieta,Kincey,hkincey3t@yahoo.com,Genderqueer,102.70.188.133
139,Emilie,Speers,espeers3u@tamu.edu,Female,197.107.80.234
140,Toby,Petrillo,tpetrillo3v@boston.com,Male,216.193.131.106
141,Gare,Roston,groston3w@google.ca,Male,8.28.142.207
142,Carine,Dulake,cdulake3x@github.io,Female,113.4.209.240
143,Tabbi,Fluit,tfluit3y@wix.com,Female,167.128.220.15
144,Mendel,Gaylard,mgaylard3z@comcast.net,Male,222.33.212.133
145,Chandler,Huscroft,chuscroft40@hugedomains.com,Male,143.63.182.63
146,Farr,Kendal,fkendal41@umich.edu,Male,175.101.120.170
147,Moyra,Westcott,mwestcott42@amazonaws.com,Female,120.168.87.71
148,Malinda,Newcom,mnewcom43@arizona.edu,Female,164.8.48.134
149,Padriac,Zettler,pzettler44@latimes.com,Male,45.135.203.220
150,Justina,O'Grady,jogrady45@yellowbook.com,Female,42.236.127.65
151,Willie,Boothby,wboothby46@icq.com,Female,236.43.79.12
152,Bill,Willoughby,bwilloughby47@telegraph.co.uk,Female,161.216.133.134
153,Zelma,Brane,zbrane48@biblegateway.com,Female,20.149.77.12
154,Hans,Fair,hfair49@hc360.com,Male,58.44.199.212
155,Federica,Sparke,fsparke4a@arstechnica.com,Female,95.20.73.57
156,Eberhard,McCuis,emccuis4b@nature.com,Genderfluid,234.200.126.29
157,Darbee,Antognoni,dantognoni4c@mayoclinic.com,Male,240.127.37.8
158,Hesther,Robers,hrobers4d@noaa.gov,Female,210.136.0.135
159,Reggi,Breed,rbreed4e@webeden.co.uk,Bigender,38.90.229.75
160,Niel,Mazzei,nmazzei4f@discuz.net,Male,15.223.135.244
161,Eduino,Duncan,eduncan4g@mashable.com,Male,248.182.158.15
162,Leena,Constantine,lconstantine4h@multiply.com,Female,16.63.232.130
163,Brockie,Tourot,btourot4i@about.me,Male,215.80.243.253
164,Sasha,Falcus,sfalcus4j@odnoklassniki.ru,Female,173.132.217.7
165,Vannie,MacDougall,vmacdougall4k@newyorker.com,Female,100.55.144.26
166,Morgun,Tozer,mtozer4l@ihg.com,Non-binary,105.97.219.113
167,Carl,Bartoszewski,cbartoszewski4m@soup.io,Male,26.76.22.136
168,Benedetta,Kyd,bkyd4n@goo.gl,Non-binary,110.234.146.167
169,Darya,Imason,dimason4o@va.gov,Female,23.231.149.1
170,Cortney,Spreag,cspreag4p@goodreads.com,Female,14.10.238.249
171,Francene,Orrett,forrett4q@drupal.org,Female,80.180.99.140
172,Gerda,Stollwerk,gstollwerk4r@newsvine.com,Female,185.83.216.38
173,Terrie,Dent,tdent4s@domainmarket.com,Female,206.237.18.174
174,Clementius,Paffot,cpaffot4t@odnoklassniki.ru,Male,112.247.106.174
175,Gabbi,Mountcastle,gmountcastle4u@accuweather.com,Female,202.248.13.157
176,Mozelle,Ventum,mventum4v@msn.com,Polygender,198.181.229.213
177,Judah,Ingles,jingles4w@shinystat.com,Genderfluid,35.112.6.174
178,Byrann,Ponting,bponting4x@time.com,Polygender,190.143.125.105
179,Lorene,Cotterell,lcotterell4y@wunderground.com,Female,110.100.239.26
180,Dahlia,Thulborn,dthulborn4z@tripod.com,Female,94.194.192.83
181,Allan,Filimore,afilimore50@mail.ru,Male,138.231.225.192
182,Veradis,Edgars,vedgars51@phpbb.com,Agender,156.66.218.32
183,Oby,Halsted,ohalsted52@apple.com,Male,152.96.44.131
184,Annadiane,McChruiter,amcchruiter53@shutterfly.com,Agender,113.157.197.172
185,Gena,Gentner,ggentner54@ehow.com,Female,122.101.123.26
186,Ferrell,Keel,fkeel55@wordpress.org,Male,127.23.2.220
187,Sascha,Bjorkan,sbjorkan56@digg.com,Female,109.157.226.145
188,Kanya,Grise,kgrise57@comsenz.com,Bigender,105.124.219.114
189,Saxon,Pagin,spagin58@wix.com,Male,35.210.158.107
190,Giulia,Weitzel,gweitzel59@bbc.co.uk,Female,253.80.225.188
191,Cris,Calverd,ccalverd5a@shinystat.com,Male,29.155.142.176
192,Rabbi,Stiddard,rstiddard5b@psu.edu,Male,10.52.132.98
193,Katine,Langan,klangan5c@nhs.uk,Female,56.249.152.213
194,Heda,Ivimey,hivimey5d@wikia.com,Female,50.226.30.173
195,Ty,Mars,tmars5e@plala.or.jp,Male,87.124.199.137
196,Chiquia,Hulance,chulance5f@adobe.com,Female,202.196.188.102
197,Myranda,Garrand,mgarrand5g@tumblr.com,Bigender,124.105.71.230
198,Tomasine,Cardnell,tcardnell5h@usatoday.com,Female,42.239.120.44
199,Carleen,Cranstoun,ccranstoun5i@uol.com.br,Female,195.175.129.246
200,Boony,Dumbelton,bdumbelton5j@meetup.com,Male,217.38.121.119
201,Bradford,Coker,bcoker5k@gizmodo.com,Male,252.214.25.215
202,Marja,Hounsom,mhounsom5l@list-manage.com,Female,84.240.43.185
203,Godfree,Sanchiz,gsanchiz5m@google.com.au,Male,46.223.143.38
204,Renae,Kingswood,rkingswood5n@mtv.com,Female,154.213.183.53
205,Bale,Dulin,bdulin5o@yellowpages.com,Male,95.108.214.106
206,Wylie,Tinn,wtinn5p@jiathis.com,Male,49.137.134.70
207,Odella,Irnys,oirnys5q@tinypic.com,Female,57.99.226.142
208,Junina,Blakeslee,jblakeslee5r@columbia.edu,Female,193.66.139.129
209,Reinaldo,Donoher,rdonoher5s@samsung.com,Male,206.40.193.56
210,Lucky,Joe,ljoe5t@livejournal.com,Female,93.36.245.41
211,Jon,Coltart,jcoltart5u@blinklist.com,Male,48.91.80.35
212,Gabriella,Brackenridge,gbrackenridge5v@boston.com,Female,238.150.162.180
213,Lesya,Sakins,lsakins5w@i2i.jp,Female,28.169.245.132
214,Lynnell,Janaway,ljanaway5x@about.me,Female,36.226.193.246
215,Jamaal,Marton,jmarton5y@twitpic.com,Male,197.233.33.31
216,Lorraine,Lithcow,llithcow5z@europa.eu,Female,227.1.52.207
217,Gerrilee,Wing,gwing60@alibaba.com,Female,227.205.19.249
218,Silvano,Cranny,scranny61@so-net.ne.jp,Genderfluid,126.53.106.92
219,Pavla,Tanner,ptanner62@nps.gov,Female,116.184.7.101
220,Berte,Whacket,bwhacket63@patch.com,Female,103.54.119.144
221,Laureen,Winterbotham,lwinterbotham64@nydailynews.com,Bigender,247.44.96.140
222,Travis,Hurne,thurne65@ed.gov,Male,241.100.105.14
223,Helena,Verchambre,hverchambre66@merriam-webster.com,Female,219.168.153.228
224,Lukas,Hanwell,lhanwell67@eepurl.com,Male,40.167.19.227
225,Eldridge,Faulds,efaulds68@joomla.org,Male,180.205.160.237
226,Shane,Ackerman,sackerman69@washingtonpost.com,Male,227.165.202.174
227,Kat,Gommes,kgommes6a@mac.com,Female,39.100.72.85
228,Galen,Glasson,gglasson6b@marketwatch.com,Male,29.77.248.162
229,Em,Kleinhandler,ekleinhandler6c@elegantthemes.com,Male,167.41.232.135
230,Sax,Pawelke,spawelke6d@mtv.com,Male,143.47.197.48
231,Corene,Thomazin,cthomazin6e@ask.com,Non-binary,95.176.22.191
232,Alonso,Windaybank,awindaybank6f@eepurl.com,Male,183.84.108.19
233,Andonis,Capewell,acapewell6g@businessinsider.com,Male,189.220.211.82
234,Innis,Caldera,icaldera6h@miibeian.gov.cn,Male,60.113.118.200
235,Grace,Furmston,gfurmston6i@hud.gov,Male,247.75.101.91
236,Devondra,Devin,ddevin6j@indiatimes.com,Female,71.186.123.141
237,Dolorita,Jellico,djellico6k@123-reg.co.uk,Female,232.27.48.127
238,Tremain,Stannis,tstannis6l@indiatimes.com,Male,17.208.37.210
239,Staffard,Cockarill,scockarill6m@techcrunch.com,Male,148.108.43.50
240,Neil,Chatteris,nchatteris6n@edublogs.org,Male,112.251.146.209
241,Marje,Petrillo,mpetrillo6o@house.gov,Female,124.91.253.152
242,Frasco,MacFarlane,fmacfarlane6p@altervista.org,Male,83.240.20.78
243,Laureen,Vanyakin,lvanyakin6q@nyu.edu,Female,35.98.70.194
244,Rudd,Haller,rhaller6r@uol.com.br,Male,28.169.91.159
245,Rouvin,Noor,rnoor6s@163.com,Male,144.211.109.58
246,Elyssa,Benley,ebenley6t@harvard.edu,Female,217.58.168.87
247,Elladine,Whitta,ewhitta6u@state.tx.us,Female,165.167.246.219
248,Cecil,Pimlock,cpimlock6v@kickstarter.com,Female,9.141.17.216
249,Gert,Trounson,gtrounson6w@elegantthemes.com,Female,183.79.66.146
250,Giacopo,Sapsford,gsapsford6x@auda.org.au,Male,99.32.138.87
251,Sullivan,Fatharly,sfatharly6y@chron.com,Male,193.210.138.93
252,Kelcey,Kieff,kkieff6z@ow.ly,Female,30.112.113.56
253,Derrek,Condell,dcondell70@reddit.com,Male,90.210.43.162
254,Niven,Harses,nharses71@exblog.jp,Male,104.10.234.4
255,Graig,Klezmski,gklezmski72@biglobe.ne.jp,Male,155.247.55.84
256,Conny,Balnave,cbalnave73@opensource.org,Male,170.167.156.4
257,Jasmina,Moxom,jmoxom74@blogger.com,Female,34.165.134.180
258,Aaron,McAlpine,amcalpine75@timesonline.co.uk,Male,175.162.165.102
259,Ford,Hartegan,fhartegan76@github.com,Male,239.86.73.182
260,Luciano,Shera,lshera77@tuttocitta.it,Male,180.126.249.20
261,Rodie,Olliff,rolliff78@go.com,Female,49.87.252.41
262,Roz,Mansuer,rmansuer79@npr.org,Female,163.110.77.141
263,Galen,Slavin,gslavin7a@domainmarket.com,Male,26.188.164.228
264,Inglebert,MacGahey,imacgahey7b@gravatar.com,Male,67.171.218.31
265,Stanleigh,McClory,smcclory7c@typepad.com,Male,218.43.45.188
266,Andreana,Jarrard,ajarrard7d@redcross.org,Female,4.129.127.184
267,Jaime,Bramall,jbramall7e@cnbc.com,Non-binary,104.5.133.225
268,Rinaldo,Camosso,rcamosso7f@economist.com,Male,151.184.120.227
269,Rockwell,Maciaszek,rmaciaszek7g@so-net.ne.jp,Male,192.230.46.233
270,Catlaina,MacCoughen,cmaccoughen7h@facebook.com,Female,163.138.100.169
271,Valerye,Browett,vbrowett7i@51.la,Female,209.166.209.30
272,Welch,Burdett,wburdett7j@irs.gov,Male,78.94.73.241
273,Chrystal,Bonellie,cbonellie7k@ask.com,Female,232.200.116.174
274,Anastassia,Petrik,apetrik7l@canalblog.com,Genderqueer,241.90.118.246
275,Leilah,Phinnessy,lphinnessy7m@artisteer.com,Female,114.34.126.195
276,Myrna,Leipelt,mleipelt7n@flavors.me,Female,187.63.70.249
277,Daniella,Galletley,dgalletley7o@feedburner.com,Female,238.204.158.60
278,Booth,Ellgood,bellgood7p@google.co.jp,Male,77.224.223.18
279,Ara,Daw,adaw7q@oakley.com,Genderqueer,131.221.102.188
280,Allegra,Tubritt,atubritt7r@blogtalkradio.com,Female,6.118.51.82
281,Correy,Sharnock,csharnock7s@blogtalkradio.com,Male,66.51.4.61
282,Barnabe,Dowden,bdowden7t@nhs.uk,Male,249.51.39.252
283,Blaine,Dunkinson,bdunkinson7u@stumbleupon.com,Male,15.131.123.141
284,Ginger,Zecchinelli,gzecchinelli7v@nyu.edu,Male,234.21.126.149
285,Darlleen,Abelwhite,dabelwhite7w@geocities.jp,Female,197.246.248.209
286,Addison,Davidsen,adavidsen7x@ebay.co.uk,Male,73.152.8.67
287,Lil,Kment,lkment7y@answers.com,Female,16.122.242.208
288,Birgit,Berrygun,bberrygun7z@marketwatch.com,Female,165.238.13.85
289,Cathie,Applewhaite,capplewhaite80@tuttocitta.it,Female,195.122.198.110
290,Sada,O'Grogane,sogrogane81@booking.com,Female,157.150.5.247
291,Garvy,Miliffe,gmiliffe82@webeden.co.uk,Male,197.31.97.194
292,Pippa,Dionis,pdionis83@360.cn,Female,148.128.136.43
293,Putnam,Woodnutt,pwoodnutt84@a8.net,Male,80.20.243.66
294,Wilona,Christal,wchristal85@earthlink.net,Female,95.11.8.21
295,Paulo,Done,pdone86@bbb.org,Male,252.146.196.23
296,Taite,Dyneley,tdyneley87@altervista.org,Non-binary,7.24.204.164
297,Julieta,Rottcher,jrottcher88@de.vu,Female,234.160.233.145
298,Chickie,Dansken,cdansken89@biglobe.ne.jp,Genderfluid,144.69.132.244
299,Crissy,Pincott,cpincott8a@techcrunch.com,Female,28.136.54.116
300,Niki,Pickett,npickett8b@alibaba.com,Female,139.6.47.32
301,Daren,Farrens,dfarrens8c@goo.ne.jp,Male,166.2.103.189
302,Flemming,Levee,flevee8d@umn.edu,Male,106.100.168.180
303,Sheena,Bromilow,sbromilow8e@odnoklassniki.ru,Female,214.102.212.112
304,Darelle,Anglin,danglin8f@fda.gov,Female,137.81.244.132
305,Gill,Gilli,ggilli8g@bbb.org,Female,72.57.161.145
306,Baron,Wildgoose,bwildgoose8h@behance.net,Male,243.22.110.22
307,Nydia,Lipman,nlipman8i@skyrock.com,Female,64.239.137.240
308,Lyle,Flaverty,lflaverty8j@dmoz.org,Male,121.55.31.17
309,Nikolai,Meco,nmeco8k@japanpost.jp,Male,13.207.170.104
310,Rodolphe,Epton,repton8l@netlog.com,Male,32.241.101.180
311,Angelika,Wethey,awethey8m@nydailynews.com,Female,208.116.208.199
312,Emalia,Normand,enormand8n@ocn.ne.jp,Female,234.6.37.67
313,Gwendolen,Gras,ggras8o@delicious.com,Female,137.254.16.248
314,Gradey,Caherny,gcaherny8p@wordpress.com,Non-binary,168.220.40.230
315,Ashla,Pally,apally8q@moonfruit.com,Female,255.72.104.101
316,Modesta,Lillford,mlillford8r@japanpost.jp,Female,2.95.118.85
317,Chauncey,Golsthorp,cgolsthorp8s@apache.org,Non-binary,255.166.34.220
318,Jerry,Matten,jmatten8t@columbia.edu,Female,124.183.106.156
319,Wernher,MacChaell,wmacchaell8u@wsj.com,Male,241.58.186.102
320,Guglielma,Metrick,gmetrick8v@pcworld.com,Female,17.246.197.134
321,Herve,Boram,hboram8w@privacy.gov.au,Male,171.99.126.64
322,Mufi,De Giorgis,mdegiorgis8x@homestead.com,Female,87.28.168.24
323,Genevra,Astlatt,gastlatt8y@chron.com,Female,210.165.65.4
324,Zorana,Seager,zseager8z@google.pl,Female,41.202.131.83
325,Leontyne,Buxsy,lbuxsy90@hexun.com,Female,55.178.182.231
326,Deloris,Tejero,dtejero91@reddit.com,Female,213.183.11.125
327,Mei,Back,mback92@businessinsider.com,Female,49.64.111.36
328,Ofelia,Malinowski,omalinowski93@hatena.ne.jp,Female,77.163.187.233
329,Tull,Millier,tmillier94@youtu.be,Male,119.128.204.246
330,Nataniel,Manders,nmanders95@usgs.gov,Male,138.194.38.193
331,Weber,Shand,wshand96@joomla.org,Male,11.60.115.188
332,Mathilde,Banasiak,mbanasiak97@feedburner.com,Female,39.207.158.135
333,Jae,Guiso,jguiso98@google.ca,Male,12.190.145.219
334,Dill,Gannon,dgannon99@dion.ne.jp,Male,166.203.26.137
335,Arley,Mayward,amayward9a@icio.us,Male,180.207.206.177
336,Celinda,Blomfield,cblomfield9b@npr.org,Female,21.85.190.237
337,Jackie,Kairns,jkairns9c@sakura.ne.jp,Male,37.51.137.236
338,Traver,McConway,tmcconway9d@ovh.net,Male,82.200.187.16
339,Kennedy,Blessed,kblessed9e@about.me,Male,177.190.168.137
340,Maryjane,Ehrat,mehrat9f@quantcast.com,Female,41.43.181.212
341,Barrett,O'Cridigan,bocridigan9g@ibm.com,Male,137.107.37.202
342,Billie,Gilfillan,bgilfillan9h@symantec.com,Bigender,168.11.78.60
343,Emmerich,O'Fallone,eofallone9i@example.com,Male,82.12.49.138
344,Ramon,Smee,rsmee9j@abc.net.au,Bigender,194.215.232.167
345,Lotty,Tumbridge,ltumbridge9k@youtube.com,Female,12.88.132.95
346,Ximenes,Snary,xsnary9l@wikispaces.com,Male,114.95.243.171
347,Leda,Kingcote,lkingcote9m@mapquest.com,Female,228.231.232.69
348,Stevy,Kiehl,skiehl9n@taobao.com,Male,126.186.29.206
349,Tiffy,Jenton,tjenton9o@unesco.org,Female,190.139.139.178
350,Andrei,Kuna,akuna9p@unesco.org,Female,162.61.141.127
351,Verina,Trengrouse,vtrengrouse9q@gmpg.org,Agender,71.234.91.139
352,Livvy,Mumbey,lmumbey9r@biblegateway.com,Female,107.23.145.16
353,Sybille,Skakunas,sskakunas9s@narod.ru,Female,90.220.23.79
354,Romola,Seifert,rseifert9t@freewebs.com,Female,236.25.217.193
355,Conny,Meigh,cmeigh9u@themeforest.net,Female,180.230.22.177
356,Keslie,Everington,keverington9v@elegantthemes.com,Genderqueer,181.56.74.247
357,Mommy,Alsopp,malsopp9w@economist.com,Female,165.22.162.169
358,Bessy,Benbrick,bbenbrick9x@cbsnews.com,Female,45.183.251.249
359,Odo,Mushet,omushet9y@163.com,Male,58.89.161.151
360,Rodrigo,Prattin,rprattin9z@quantcast.com,Male,173.220.19.111
361,Mano,Larder,mlardera0@linkedin.com,Male,217.157.211.76
362,Ileane,Phillippo,iphillippoa1@meetup.com,Female,39.171.223.108
363,Reidar,Birk,rbirka2@nymag.com,Male,186.50.206.180
364,Tully,Weedall,tweedalla3@mapquest.com,Male,231.170.255.30
365,Onofredo,Sabberton,osabbertona4@de.vu,Genderqueer,8.199.99.224
366,Paolo,Berdale,pberdalea5@nymag.com,Male,196.170.59.140
367,Ingeberg,McKeveney,imckeveneya6@columbia.edu,Bigender,86.159.64.105
368,Bordy,Sudddard,bsudddarda7@senate.gov,Male,121.43.91.30
369,Susanetta,Reynalds,sreynaldsa8@cnbc.com,Female,230.113.15.36
370,Ainslee,Longhurst,alonghursta9@tripod.com,Female,79.72.222.207
371,Dee,Furlonge,dfurlongeaa@trellian.com,Female,113.19.236.73
372,Gabe,Freiburger,gfreiburgerab@ebay.co.uk,Male,228.32.16.232
373,Fleurette,Eyer,feyerac@ihg.com,Female,180.131.184.143
374,Aurthur,Joskovitch,ajoskovitchad@mit.edu,Male,191.152.44.54
375,Kristofor,Edmand,kedmandae@amazon.co.jp,Agender,232.243.140.233
376,Lucho,Wims,lwimsaf@privacy.gov.au,Male,76.87.201.119
377,Kathye,Yashanov,kyashanovag@statcounter.com,Female,235.172.106.136
378,Bastian,Orry,borryah@google.com.hk,Male,152.253.21.126
379,Thaddeus,Rushmere,trushmereai@hp.com,Male,174.199.189.166
380,Norri,Gravenall,ngravenallaj@flavors.me,Female,81.233.239.220
381,Tuesday,Leney,tleneyak@nih.gov,Female,154.47.160.218
382,Lanna,Nuzzti,lnuzztial@soundcloud.com,Female,82.148.86.57
383,Inna,Cantua,icantuaam@wordpress.org,Female,122.180.54.160
384,Margaret,MacLaren,mmaclarenan@paypal.com,Female,152.123.80.239
385,Benoit,Curtiss,bcurtissao@usda.gov,Male,121.167.133.103
386,Marthe,Aindrais,maindraisap@hc360.com,Female,133.209.253.76
387,Maddy,Sango,msangoaq@github.com,Male,77.252.0.240
388,De,Duchesne,dduchesnear@theguardian.com,Female,138.135.74.138
389,Keeley,Fallowes,kfallowesas@bloglovin.com,Female,132.62.173.88
390,Carter,Mailes,cmailesat@google.com,Male,82.116.29.235
391,Sterling,Wisbey,swisbeyau@godaddy.com,Male,27.75.110.250
392,Debee,Vallery,dvalleryav@disqus.com,Female,215.57.93.242
393,Hadlee,Burrow,hburrowaw@github.io,Male,236.221.122.99
394,Colet,Morforth,cmorforthax@amazon.com,Male,18.84.161.34
395,Carce,Fesby,cfesbyay@cdbaby.com,Male,14.39.254.142
396,Dale,Hepher,dhepheraz@wikispaces.com,Non-binary,157.234.37.26
397,Lillis,McAree,lmcareeb0@army.mil,Polygender,99.13.253.229
398,Randolph,Ketchen,rketchenb1@booking.com,Male,42.173.168.191
399,Gradeigh,Rosterne,grosterneb2@businessweek.com,Male,101.101.54.46
400,Heather,Munkton,hmunktonb3@uiuc.edu,Female,76.66.96.5
401,Meridel,Benaine,mbenaineb4@devhub.com,Female,206.210.66.212
402,Reggy,Alesin,ralesinb5@toplist.cz,Male,122.251.183.43
403,Keir,Quinnet,kquinnetb6@sciencedirect.com,Male,190.13.244.112
404,Myrtia,Jakoviljevic,mjakoviljevicb7@nationalgeographic.com,Agender,174.213.22.152
405,Skyler,Flecknoe,sflecknoeb8@instagram.com,Male,23.123.83.235
406,Grazia,McParland,gmcparlandb9@google.com.au,Female,110.199.184.68
407,Piotr,Pettiford,ppettifordba@prweb.com,Genderqueer,172.229.25.8
408,Flem,Ferdinand,fferdinandbb@ibm.com,Male,178.196.122.82
409,Clerc,Mollin,cmollinbc@themeforest.net,Male,237.162.92.198
410,Trueman,Toman,ttomanbd@archive.org,Male,127.181.93.58
411,Kristy,Swanwick,kswanwickbe@jigsy.com,Female,191.168.236.119
412,Fancy,Jepps,fjeppsbf@twitpic.com,Female,95.215.106.114
413,Linoel,Knowller,lknowllerbg@1688.com,Agender,209.155.242.170
414,Nikolas,Halladey,nhalladeybh@wikispaces.com,Male,174.215.205.157
415,Miran,Pierro,mpierrobi@amazon.com,Female,173.216.210.232
416,Morry,Fowgies,mfowgiesbj@fastcompany.com,Male,217.243.61.63
417,Byran,Heersma,bheersmabk@java.com,Male,158.209.31.167
418,Gabriele,Francklin,gfrancklinbl@shinystat.com,Male,238.240.246.138
419,Dianna,Whear,dwhearbm@joomla.org,Female,32.173.150.213
420,Anabelle,Bridgeman,abridgemanbn@businessinsider.com,Female,87.96.72.13
421,Remington,Hryskiewicz,rhryskiewiczbo@miibeian.gov.cn,Male,90.187.224.156
422,Nicolas,Thomel,nthomelbp@goo.ne.jp,Male,230.139.118.55
423,Verla,Rourke,vrourkebq@wordpress.com,Female,85.53.73.8
424,Rosene,Goodinson,rgoodinsonbr@163.com,Female,67.171.127.83
425,Marisa,Aggett,maggettbs@pagesperso-orange.fr,Female,48.45.150.130
426,Cammy,Vizard,cvizardbt@squarespace.com,Female,10.8.207.45
427,Tressa,Chandler,tchandlerbu@comsenz.com,Female,11.160.1.191
428,Devy,Twigge,dtwiggebv@shutterfly.com,Male,82.21.90.99
429,Sharleen,Dewdney,sdewdneybw@loc.gov,Female,68.248.214.192
430,Hannie,Sunman,hsunmanbx@constantcontact.com,Female,245.235.141.72
431,Erie,Braganza,ebraganzaby@chron.com,Male,228.135.28.80
432,Adelbert,Machan,amachanbz@tumblr.com,Male,118.28.155.60
433,Marleen,Chestle,mchestlec0@apple.com,Female,112.146.129.91
434,Gerta,MacSporran,gmacsporranc1@cornell.edu,Female,54.47.229.231
435,Torry,Jennions,tjennionsc2@msu.edu,Non-binary,82.177.35.60
436,Uta,Mundall,umundallc3@eepurl.com,Polygender,87.172.78.161
437,Wrennie,Ianniello,wiannielloc4@example.com,Female,58.99.133.209
438,Kristopher,Silverthorn,ksilverthornc5@clickbank.net,Male,65.1.158.167
439,Dukie,Joskowitz,djoskowitzc6@miibeian.gov.cn,Male,71.200.85.59
440,Trefor,Scouse,tscousec7@weibo.com,Male,118.2.255.153
441,Noak,Everleigh,neverleighc8@independent.co.uk,Genderqueer,179.201.182.89
442,Emlyn,Oventon,eoventonc9@ucoz.ru,Male,20.102.139.102
443,Hannis,Tretter,htretterca@addthis.com,Female,141.83.196.210
444,Tuck,Odd,toddcb@japanpost.jp,Male,106.192.203.52
445,Fanya,Bartolomieu,fbartolomieucc@deliciousdays.com,Female,212.150.250.82
446,Raleigh,Millar,rmillarcd@bloomberg.com,Male,39.41.20.147
447,Pen,Dadge,pdadgece@posterous.com,Female,193.140.165.172
448,Gusta,Housin,ghousincf@list-manage.com,Female,139.33.198.18
449,Dawn,O'Calleran,docallerancg@smh.com.au,Female,183.90.41.41
450,Cathryn,Trowill,ctrowillch@netvibes.com,Agender,199.220.54.125
451,Benjamin,Reasun,breasunci@wufoo.com,Male,122.156.213.65
452,Flori,Pitchers,fpitcherscj@about.me,Female,146.105.127.244
453,Torrin,Dobbinson,tdobbinsonck@comsenz.com,Male,238.204.242.186
454,Lew,Venables,lvenablescl@guardian.co.uk,Male,230.114.20.208
455,Ailyn,Ready,areadycm@irs.gov,Female,174.29.4.108
456,Roma,Delatour,rdelatourcn@wsj.com,Male,167.185.204.109
457,Godfrey,Draper,gdraperco@github.io,Male,5.154.77.142
458,Korella,Hammant,khammantcp@dyndns.org,Female,212.149.89.50
459,Shantee,Letchmore,sletchmorecq@craigslist.org,Female,234.200.73.32
460,Paolo,Heinicke,pheinickecr@reference.com,Male,238.33.9.199
461,Dulce,MacAvaddy,dmacavaddycs@plala.or.jp,Female,250.175.162.212
462,Talbert,Lickorish,tlickorishct@wordpress.org,Genderqueer,32.133.75.207
463,Lin,Laming,llamingcu@dedecms.com,Female,196.46.213.131
464,Dede,Praten,dpratencv@dot.gov,Female,70.180.48.88
465,Filmer,Heckner,fhecknercw@tamu.edu,Agender,48.184.93.102
466,Frannie,Kintish,fkintishcx@is.gd,Female,222.206.39.200
467,Vale,Satford,vsatfordcy@google.co.uk,Male,77.131.154.61
468,Michaela,Keems,mkeemscz@apple.com,Genderfluid,89.110.63.193
469,Sonnie,Batecok,sbatecokd0@wordpress.org,Female,198.127.133.76
470,Ambrosi,Eul,aeuld1@shareasale.com,Male,13.134.134.186
471,Dav,Karpmann,dkarpmannd2@etsy.com,Male,244.15.124.22
472,Marilin,Giral,mgirald3@unblog.fr,Polygender,93.42.89.151
473,Lissie,Hallstone,lhallstoned4@creativecommons.org,Female,181.169.52.198
474,Darcy,Semour,dsemourd5@dot.gov,Female,156.228.222.42
475,Kristine,Allcorn,kallcornd6@w3.org,Female,227.143.242.246
476,Bendix,Zmitruk,bzmitrukd7@chronoengine.com,Male,186.244.239.106
477,Gaby,Brine,gbrined8@angelfire.com,Male,135.163.118.194
478,Winfield,Bondar,wbondard9@cyberchimps.com,Male,205.105.208.235
479,Birk,Morfell,bmorfellda@walmart.com,Male,248.114.30.202
480,Josselyn,McGinney,jmcginneydb@i2i.jp,Female,129.185.220.244
481,Tabbie,Antonchik,tantonchikdc@stanford.edu,Male,138.222.95.93
482,Camey,Leward,clewarddd@qq.com,Male,96.22.148.62
483,Ema,Butler,ebutlerde@skype.com,Female,169.28.5.201
484,Jillian,Cristofanini,jcristofaninidf@scientificamerican.com,Female,243.45.213.19
485,Jan,Robard,jrobarddg@bluehost.com,Female,130.107.96.158
486,Koressa,Lauritsen,klauritsendh@globo.com,Female,206.84.130.149
487,Red,Aleksandrev,raleksandrevdi@yandex.ru,Male,192.205.134.42
488,Timothee,Zelley,tzelleydj@ucoz.com,Male,69.236.253.77
489,Adam,Coots,acootsdk@wikimedia.org,Male,55.246.1.94
490,Mandi,Bickersteth,mbickerstethdl@jimdo.com,Female,12.209.70.179
491,Jeanelle,Bettesworth,jbettesworthdm@canalblog.com,Female,59.232.130.171
492,Bondon,Masi,bmasidn@bigcartel.com,Male,33.148.103.1
493,Rufus,Blinerman,rblinermando@adobe.com,Male,76.17.96.212
494,Manuel,Brounfield,mbrounfielddp@aboutads.info,Bigender,87.161.170.108
495,Stu,Gaiter,sgaiterdq@sakura.ne.jp,Male,252.1.131.233
496,Swen,Capozzi,scapozzidr@virginia.edu,Male,220.4.10.143
497,Gerri,Varnham,gvarnhamds@netscape.com,Male,249.8.4.209
498,Sophia,Mundee,smundeedt@domainmarket.com,Female,24.254.158.78
499,Silvie,Cosstick,scosstickdu@drupal.org,Female,27.97.178.140
500,William,Del Monte,wdelmontedv@google.it,Male,84.3.144.67
501,Chryste,Bartelet,cbarteletdw@studiopress.com,Female,235.75.240.211
502,Josy,Tuxell,jtuxelldx@ucla.edu,Female,23.12.23.90
503,Simone,Mogey,smogeydy@printfriendly.com,Male,245.182.72.208
504,Alameda,Hedworth,ahedworthdz@artisteer.com,Female,91.64.221.46
505,Brooke,Ivic,bivice0@google.es,Female,134.180.21.84
506,Zaria,Crolla,zcrollae1@dailymotion.com,Female,227.90.118.60
507,Toby,Clout,tcloute2@google.com,Male,42.199.13.152
508,Lydon,Walster,lwalstere3@time.com,Male,96.183.254.169
509,Jacynth,Pettigrew,jpettigrewe4@woothemes.com,Female,244.131.166.18
510,Aldis,Botler,abotlere5@bigcartel.com,Male,58.204.187.16
511,Cooper,Aucott,caucotte6@statcounter.com,Male,178.100.11.150
512,Michael,Loker,mlokere7@wufoo.com,Male,76.34.209.209
513,Sula,Tenby,stenbye8@livejournal.com,Female,205.183.207.95
514,Shaun,Haresign,sharesigne9@walmart.com,Male,240.83.25.108
515,Miof mela,Digg,mdiggea@bizjournals.com,Female,242.30.125.53
516,Flory,Fell,ffelleb@thetimes.co.uk,Genderqueer,212.16.19.203
517,Arie,Cozby,acozbyec@plala.or.jp,Male,208.213.69.222
518,Alexandr,Parvin,aparvined@noaa.gov,Male,47.127.243.73
519,Mack,Costi,mcostiee@dmoz.org,Male,99.95.84.213
520,Pryce,Rushby,prushbyef@arstechnica.com,Male,5.95.30.10
521,Adelle,Daniels,adanielseg@linkedin.com,Female,18.101.252.183
522,Wald,Sciacovelli,wsciacovellieh@biglobe.ne.jp,Male,103.76.234.191
523,Derrick,Piggins,dpigginsei@creativecommons.org,Male,141.10.208.184
524,Antonina,Sibery,asiberyej@usda.gov,Female,166.187.70.41
525,Millard,Maken,mmakenek@ocn.ne.jp,Male,240.186.252.87
526,Fleurette,Chalkly,fchalklyel@devhub.com,Female,67.251.131.201
527,Elianore,Broadwell,ebroadwellem@hexun.com,Female,236.172.69.248
528,Phillida,Getley,pgetleyen@unblog.fr,Female,173.8.39.170
529,Murielle,Fontes,mfonteseo@chron.com,Female,220.71.94.13
530,Ethelda,Tidey,etideyep@omniture.com,Female,134.238.234.0
531,Doyle,Laurenceau,dlaurenceaueq@skyrock.com,Male,94.125.97.212
532,Asher,Duer,aduerer@tinyurl.com,Male,159.124.94.159
533,Edd,Easterby,eeasterbyes@youtu.be,Polygender,146.124.105.201
534,Mikel,Heynen,mheynenet@cloudflare.com,Male,147.158.77.183
535,Samara,Pattrick,spattrickeu@cbslocal.com,Bigender,131.151.254.249
536,Ari,Emmet,aemmetev@cisco.com,Male,160.209.68.92
537,Dyann,Dundin,ddundinew@hud.gov,Female,171.104.45.222
538,Ambrosi,Wookey,awookeyex@cdbaby.com,Male,126.127.138.250
539,Vladamir,Geffen,vgeffeney@free.fr,Male,49.91.76.115
540,Florian,Attwell,fattwellez@simplemachines.org,Male,40.112.139.82
541,Joya,Shinefield,jshinefieldf0@surveymonkey.com,Female,3.72.7.112
542,Elwood,Camilleri,ecamillerif1@elegantthemes.com,Male,199.159.254.165
543,Berne,Janeczek,bjaneczekf2@google.it,Male,124.39.78.27
544,Puff,Matuschek,pmatuschekf3@simplemachines.org,Male,103.15.174.52
545,Gearalt,Buttner,gbuttnerf4@blogs.com,Male,186.233.254.254
546,Osbourn,Maciocia,omaciociaf5@t.co,Male,4.181.37.75
547,Dewey,Jenken,djenkenf6@cnbc.com,Male,33.67.182.117
548,Nicola,Hainey`,nhaineyf7@google.cn,Male,12.63.167.54
549,Genny,Creser,gcreserf8@amazon.de,Female,27.244.171.121
550,Boy,Bydaway,bbydawayf9@zdnet.com,Male,229.162.158.6
551,Allyn,Traut,atrautfa@tuttocitta.it,Female,155.185.216.74
552,Gillie,Bool,gboolfb@addthis.com,Female,58.108.151.18
553,Kenneth,Duns,kdunsfc@hud.gov,Male,120.45.53.144
554,Beitris,Fabbro,bfabbrofd@tripadvisor.com,Female,138.6.76.138
555,Peta,Allsepp,pallseppfe@blog.com,Female,7.175.146.46
556,Perla,McEttigen,pmcettigenff@google.nl,Female,245.85.197.61
557,Geoff,Francis,gfrancisfg@redcross.org,Male,240.168.200.140
558,Sullivan,Trousdell,strousdellfh@cornell.edu,Male,181.192.68.161
559,Koren,Pinard,kpinardfi@surveymonkey.com,Female,6.87.181.200
560,Celestina,Delmonti,cdelmontifj@ebay.co.uk,Female,155.226.145.96
561,Russ,Petrenko,rpetrenkofk@sciencedaily.com,Male,3.35.91.93
562,Anetta,Kildale,akildalefl@businesswire.com,Female,200.3.12.1
563,Josh,Moneti,jmonetifm@bigcartel.com,Male,2.200.72.223
564,Solly,Buchanan,sbuchananfn@php.net,Male,226.30.146.86
565,Shae,Pryell,spryellfo@home.pl,Female,180.55.120.116
566,Rea,Lafuente,rlafuentefp@multiply.com,Female,121.82.185.170
567,Domingo,Aust,daustfq@indiatimes.com,Male,78.40.200.187
568,Sutton,Levecque,slevecquefr@ask.com,Male,51.14.132.68
569,Helenelizabeth,Rothermel,hrothermelfs@psu.edu,Female,145.6.64.12
570,Alf,Sebring,asebringft@homestead.com,Male,156.69.163.39
571,Mark,Ballchin,mballchinfu@linkedin.com,Male,82.35.71.215
572,Steffi,Harbord,sharbordfv@unblog.fr,Female,220.176.147.94
573,Baudoin,Camps,bcampsfw@google.ru,Male,90.200.37.0
574,Pierce,Mokes,pmokesfx@mayoclinic.com,Male,83.190.41.27
575,Janeta,Runchman,jrunchmanfy@plala.or.jp,Female,163.13.39.50
576,Chantal,Shakespeare,cshakespearefz@creativecommons.org,Female,174.141.145.235
577,Creigh,Allbones,callbonesg0@webs.com,Male,60.152.242.12
578,Noland,Glossop,nglossopg1@facebook.com,Male,176.23.21.121
579,Emmet,Driscoll,edriscollg2@1688.com,Male,16.223.32.108
580,Lynnette,Klaffs,lklaffsg3@utexas.edu,Female,76.89.57.103
581,Sanders,Ramsted,sramstedg4@4shared.com,Male,193.204.117.157
582,Eberto,Blunt,ebluntg5@nba.com,Male,157.163.170.38
583,Andrej,Spadelli,aspadellig6@1688.com,Non-binary,21.112.159.159
584,Forrest,De Ruel,fderuelg7@miibeian.gov.cn,Male,215.30.235.104
585,Morten,Bice,mbiceg8@alibaba.com,Male,253.230.77.188
586,Bernelle,Werny,bwernyg9@mac.com,Female,188.92.218.186
587,Keeley,Stourton,kstourtonga@hostgator.com,Female,99.138.145.26
588,Torr,Dawbury,tdawburygb@topsy.com,Male,196.93.185.26
589,Barr,Oxby,boxbygc@booking.com,Male,149.32.223.156
590,Markos,Milbourne,mmilbournegd@wikimedia.org,Male,59.10.231.19
591,Costanza,Ashurst,cashurstge@hexun.com,Female,103.243.8.83
592,Armstrong,Fer,afergf@disqus.com,Male,201.241.126.223
593,Raimondo,Sclanders,rsclandersgg@admin.ch,Male,227.188.57.126
594,Carolin,Sturges,csturgesgh@shinystat.com,Female,60.50.38.126
595,Arnuad,Beade,abeadegi@sourceforge.net,Male,139.250.73.85
596,Amanda,Wegenen,awegenengj@virginia.edu,Female,189.91.120.140
597,Marris,Belsham,mbelshamgk@cornell.edu,Female,81.205.72.22
598,Virgina,Ondrus,vondrusgl@opera.com,Female,75.91.175.89
599,Garey,Oakley,goakleygm@army.mil,Male,112.102.14.71
600,Wake,Prisley,wprisleygn@studiopress.com,Male,121.246.181.218
601,Ronny,Moylane,rmoylanego@nasa.gov,Male,99.122.81.185
602,William,Cadle,wcadlegp@ftc.gov,Male,98.188.214.90
603,Annabel,Eccott,aeccottgq@alibaba.com,Non-binary,233.216.200.200
604,Marwin,Huglin,mhuglingr@1688.com,Male,117.178.87.131
605,Grethel,Restorick,grestorickgs@arstechnica.com,Female,114.70.190.12
606,Seana,Martusewicz,smartusewiczgt@goodreads.com,Female,96.203.116.247
607,Efrem,M'Barron,embarrongu@flickr.com,Male,144.159.172.174
608,Norma,Dourin,ndouringv@desdev.cn,Female,70.245.106.126
609,Prue,Ruppelin,pruppelingw@yolasite.com,Genderfluid,47.77.141.71
610,Dennison,Stearn,dstearngx@hhs.gov,Male,46.70.85.179
611,Nissa,Harper,nharpergy@sbwire.com,Female,115.253.45.213
612,Neel,Strewther,nstrewthergz@csmonitor.com,Male,179.3.249.23
613,Cindi,Monkhouse,cmonkhouseh0@so-net.ne.jp,Female,223.30.28.48
614,Jere,Guy,jguyh1@wix.com,Female,226.222.204.65
615,Frances,Gue,fgueh2@themeforest.net,Female,147.81.52.88
616,Grethel,Savatier,gsavatierh3@abc.net.au,Female,45.60.54.204
617,Eustacia,Crittal,ecrittalh4@yandex.ru,Female,246.68.23.236
618,Sianna,Hickisson,shickissonh5@globo.com,Non-binary,244.170.73.91
619,Tedda,Lanfranchi,tlanfranchih6@yahoo.com,Female,23.56.23.118
620,Kizzie,Rickarsey,krickarseyh7@ucoz.com,Non-binary,178.47.140.5
621,Elene,Willox,ewilloxh8@i2i.jp,Female,11.247.135.155
622,Brendon,Monday,bmondayh9@addtoany.com,Male,171.132.117.167
623,Roger,Cutress,rcutressha@posterous.com,Male,98.102.240.8
624,Johann,Cassimer,jcassimerhb@canalblog.com,Male,83.198.127.250
625,Jillie,Olanda,jolandahc@stumbleupon.com,Female,61.168.70.10
626,Andrea,Vayro,avayrohd@senate.gov,Female,94.149.61.139
627,Berthe,Eglington,beglingtonhe@squidoo.com,Female,242.237.155.40
628,Obadiah,Paulot,opaulothf@infoseek.co.jp,Male,47.209.118.137
629,Tabby,Patman,tpatmanhg@virginia.edu,Female,91.102.113.169
630,Gwendolen,Haxby,ghaxbyhh@cbc.ca,Female,227.118.49.106
631,Lacy,Hobbema,lhobbemahi@themeforest.net,Female,44.47.219.31
632,Timothy,Croxall,tcroxallhj@oakley.com,Male,47.141.4.149
633,Broderick,Ruppelin,bruppelinhk@berkeley.edu,Agender,5.48.205.162
634,Dewain,Errigo,derrigohl@hud.gov,Male,58.178.179.250
635,Luciano,Polino,lpolinohm@wisc.edu,Male,186.245.38.121
636,Krishnah,Hambridge,khambridgehn@theguardian.com,Male,249.125.92.29
637,Ced,Synder,csynderho@techcrunch.com,Male,206.190.249.37
638,Amalia,Goodacre,agoodacrehp@ftc.gov,Female,214.29.246.141
639,Brig,Georghiou,bgeorghiouhq@blinklist.com,Male,20.170.137.81
640,Carny,Ruzicka,cruzickahr@google.es,Male,246.17.109.160
641,Dorice,Boutton,dbouttonhs@nsw.gov.au,Female,111.68.161.42
642,Nan,Windybank,nwindybankht@behance.net,Female,11.34.135.17
643,Ferris,Avey,faveyhu@craigslist.org,Male,239.96.196.82
644,Emmet,Edowes,eedoweshv@nymag.com,Male,155.114.39.9
645,Colby,Cristofor,ccristoforhw@gravatar.com,Male,37.65.35.122
646,Arlen,Roj,arojhx@weibo.com,Male,233.116.159.9
647,Pammi,Hammill,phammillhy@soup.io,Female,172.93.44.90
648,Toni,Lorie,tloriehz@patch.com,Female,97.180.250.208
649,Tadeas,Merrigan,tmerrigani0@hc360.com,Male,176.109.95.179
650,Edie,McGurgan,emcgurgani1@rakuten.co.jp,Genderqueer,245.175.208.158
651,Armin,Alker,aalkeri2@qq.com,Male,237.250.240.194
652,Saunderson,Aubin,saubini3@rakuten.co.jp,Male,173.123.102.220
653,Jerrine,Jeffray,jjeffrayi4@buzzfeed.com,Female,255.255.180.19
654,Loni,Stading,lstadingi5@trellian.com,Female,242.192.253.69
655,Carole,Jorat,cjorati6@amazon.co.uk,Female,204.155.8.0
656,Garrick,Greenstreet,ggreenstreeti7@spotify.com,Male,152.223.231.65
657,Camilla,Twyford,ctwyfordi8@sogou.com,Female,129.238.205.57
658,Mariellen,Tutchell,mtutchelli9@who.int,Female,186.2.157.167
659,Eve,Panter,epanteria@edublogs.org,Genderqueer,242.100.55.128
660,Tedie,Pinsent,tpinsentib@auda.org.au,Bigender,87.195.27.8
661,Lavinie,Bohl,lbohlic@answers.com,Female,179.88.58.175
662,Myles,O' Quirk,moquirkid@netscape.com,Male,201.74.114.249
663,Bronny,Peattie,bpeattieie@virginia.edu,Male,95.116.253.192
664,Elisabeth,MacAindreis,emacaindreisif@wikimedia.org,Female,230.4.37.130
665,Heath,Sawfoot,hsawfootig@chicagotribune.com,Male,105.193.120.138
666,Emmery,Power,epowerih@arizona.edu,Male,28.117.88.41
667,Lorry,Purdie,lpurdieii@google.cn,Male,122.184.39.172
668,Madlen,Ilyinski,milyinskiij@sun.com,Bigender,137.46.218.168
669,Frederica,Hadingham,fhadinghamik@cdc.gov,Female,78.99.253.199
670,Harwilll,Chazotte,hchazotteil@yahoo.co.jp,Male,219.165.82.237
671,Jackson,Romao,jromaoim@i2i.jp,Male,44.172.151.219
672,Prudi,Yarrow,pyarrowin@hp.com,Female,34.87.93.44
673,Holt,McClinton,hmcclintonio@nps.gov,Male,108.227.244.56
674,Ramsey,Davidovsky,rdavidovskyip@mozilla.com,Male,251.8.190.161
675,Kathye,Yielding,kyieldingiq@domainmarket.com,Female,229.250.120.122
676,Mercie,Whitwam,mwhitwamir@gnu.org,Female,87.8.27.247
677,Bell,Joel,bjoelis@delicious.com,Female,67.131.132.73
678,Alasdair,Hupe,ahupeit@acquirethisname.com,Male,24.162.66.82
679,Beverly,Bloodworthe,bbloodwortheiu@blogs.com,Female,159.62.74.138
680,Pate,McCorry,pmccorryiv@dedecms.com,Male,254.29.243.206
681,Hester,Hargraves,hhargravesiw@sakura.ne.jp,Female,87.122.154.107
682,Kial,Whittington,kwhittingtonix@census.gov,Female,9.86.169.209
683,Yanaton,Alf,yalfiy@archive.org,Male,11.174.11.176
684,Wynny,Ferrieroi,wferrieroiiz@a8.net,Female,153.191.165.214
685,Benjamen,Carbery,bcarberyj0@webs.com,Male,24.67.164.83
686,Pennie,Forre,pforrej1@weather.com,Female,230.226.201.178
687,Ruprecht,Mallinar,rmallinarj2@tinyurl.com,Male,200.47.222.249
688,Lance,Ainge,laingej3@nhs.uk,Male,56.14.150.253
689,Eydie,Schall,eschallj4@cam.ac.uk,Female,47.160.116.222
690,Melessa,Doag,mdoagj5@ed.gov,Female,211.174.156.48
691,Jade,Russell,jrussellj6@fda.gov,Female,141.28.129.93
692,Aretha,Hawton,ahawtonj7@irs.gov,Female,205.173.59.191
693,Wallis,Suckling,wsucklingj8@ebay.co.uk,Male,248.105.21.254
694,Ginelle,Grund,ggrundj9@scientificamerican.com,Female,186.43.43.49
695,Lenci,Bricknall,lbricknallja@baidu.com,Male,30.129.187.105
696,Elmira,Petrakov,epetrakovjb@github.io,Female,213.203.243.255
697,Rona,Hatzar,rhatzarjc@storify.com,Female,143.34.99.204
698,Clara,Piatkow,cpiatkowjd@independent.co.uk,Female,133.185.224.243
699,Paolina,Mahedy,pmahedyje@ask.com,Female,82.20.100.43
700,Rozanne,Minchinden,rminchindenjf@parallels.com,Female,70.247.100.150
701,Dmitri,Kohnen,dkohnenjg@cnn.com,Male,179.66.155.74
702,Gail,Treen,gtreenjh@i2i.jp,Female,20.121.46.173
703,Merwin,Somerville,msomervilleji@webmd.com,Male,68.247.53.34
704,Lulu,Ashlin,lashlinjj@edublogs.org,Bigender,11.223.87.19
705,Giovanna,Dunnet,gdunnetjk@51.la,Female,68.153.13.247
706,Arnaldo,Neenan,aneenanjl@addthis.com,Male,205.147.16.82
707,Dolorita,Le Brom,dlebromjm@canalblog.com,Female,141.35.185.73
708,Tana,Cobb,tcobbjn@cbsnews.com,Female,51.172.30.212
709,Timothee,Tomes,ttomesjo@intel.com,Male,70.81.254.23
710,Annnora,Nurny,anurnyjp@theguardian.com,Female,242.59.107.149
711,Gerhardine,Drever,gdreverjq@tuttocitta.it,Female,125.162.61.55
712,Salem,Weavill,sweavilljr@skyrock.com,Male,225.20.48.153
713,Lyndell,Fuente,lfuentejs@imageshack.us,Female,209.94.241.110
714,Chet,Nutkin,cnutkinjt@abc.net.au,Male,62.217.239.27
715,Emilia,Burlay,eburlayju@google.co.uk,Polygender,118.124.87.27
716,Algernon,Caistor,acaistorjv@list-manage.com,Male,110.22.82.11
717,Enrika,Soppit,esoppitjw@vistaprint.com,Female,104.97.17.169
718,Dermot,Malloy,dmalloyjx@domainmarket.com,Male,25.176.46.19
719,Warner,Slavin,wslavinjy@t-online.de,Male,63.53.51.34
720,Barbey,Michelotti,bmichelottijz@archive.org,Bigender,114.206.153.210
721,Wynn,Gerald,wgeraldk0@usa.gov,Male,27.15.98.184
722,Ofelia,Marchbank,omarchbankk1@spotify.com,Female,216.143.75.116
723,Allie,Caldaro,acaldarok2@netscape.com,Female,188.209.255.129
724,Ninette,Tonkes,ntonkesk3@arizona.edu,Female,55.70.32.134
725,Rafaela,McElvogue,rmcelvoguek4@dyndns.org,Female,109.135.0.250
726,Osmund,Camacho,ocamachok5@yolasite.com,Male,192.21.208.199
727,Virgina,August,vaugustk6@yandex.ru,Female,172.126.152.226
728,Eugen,Battle,ebattlek7@census.gov,Male,158.118.191.28
729,Trudey,Palia,tpaliak8@macromedia.com,Female,241.86.153.135
730,Ethe,Bellany,ebellanyk9@sfgate.com,Bigender,34.155.188.16
731,Uriah,Pollack,upollackka@digg.com,Male,126.49.236.37
732,Early,Foulser,efoulserkb@amazon.co.uk,Male,218.225.165.145
733,Roxi,Breagan,rbreagankc@timesonline.co.uk,Female,131.114.178.137
734,Margaux,Hartwright,mhartwrightkd@symantec.com,Female,91.252.203.172
735,Chelsea,Bromell,cbromellke@icq.com,Female,95.159.22.4
736,Eada,Sor,esorkf@comcast.net,Female,3.189.25.232
737,Cort,Dilley,cdilleykg@zimbio.com,Male,250.146.15.227
738,Gilbertine,Gibbens,ggibbenskh@pen.io,Female,232.193.214.1
739,Windy,Schirach,wschirachki@usgs.gov,Female,51.200.22.61
740,Saunders,Cregeen,scregeenkj@google.fr,Male,49.224.254.12
741,Isabelle,Wagg,iwaggkk@answers.com,Female,17.222.33.192
742,Clarissa,Karlolczak,ckarlolczakkl@weibo.com,Female,169.38.227.30
743,Betteann,Laxson,blaxsonkm@ucla.edu,Female,103.184.142.198
744,Malvina,Weinberg,mweinbergkn@stanford.edu,Female,192.23.12.146
745,Victor,Haddeston,vhaddestonko@unesco.org,Male,52.69.48.213
746,Dorolice,Vinck,dvinckkp@bbc.co.uk,Female,86.42.5.47
747,Flor,Dinjes,fdinjeskq@posterous.com,Female,253.78.52.173
748,Vail,Hedman,vhedmankr@washington.edu,Male,10.177.207.33
749,Tobias,Gullick,tgullickks@hubpages.com,Male,0.91.27.122
750,Colline,Quiddihy,cquiddihykt@youtube.com,Female,222.212.66.49
751,Emlyn,Kenshole,ekensholeku@unicef.org,Female,93.38.22.62
752,Liesa,Rodrig,lrodrigkv@tmall.com,Female,176.191.206.190
753,Easter,Poulter,epoulterkw@jigsy.com,Female,116.191.86.171
754,Phillipp,Hamer,phamerkx@slashdot.org,Male,127.156.127.25
755,Barrie,Gascoigne,bgascoigneky@gov.uk,Male,33.203.132.218
756,Gail,Munning,gmunningkz@alexa.com,Female,207.40.128.172
757,Aviva,Le Jean,alejeanl0@uol.com.br,Female,204.84.99.232
758,Pietrek,Smooth,psmoothl1@seattletimes.com,Bigender,187.148.127.184
759,Leroy,Aveyard,laveyardl2@wordpress.org,Male,44.156.192.67
760,Moritz,Porritt,mporrittl3@sakura.ne.jp,Male,2.113.117.170
761,Camala,Adami,cadamil4@reference.com,Female,252.72.24.100
762,Jeth,Hein,jheinl5@nasa.gov,Male,102.30.54.157
763,Teriann,Watkiss,twatkissl6@360.cn,Female,203.85.122.18
764,Mayer,Brooke,mbrookel7@sakura.ne.jp,Male,139.169.130.123
765,Doloritas,Mottershead,dmottersheadl8@comcast.net,Female,146.28.29.191
766,Elise,Luckman,eluckmanl9@walmart.com,Bigender,82.229.237.68
767,Jemmie,Loads,jloadsla@cloudflare.com,Female,144.145.111.178
768,Obidiah,Bohike,obohikelb@discuz.net,Male,204.137.174.141
769,Ardelis,Fairhead,afairheadlc@google.co.uk,Female,188.72.175.14
770,Katheryn,France,kfranceld@bluehost.com,Female,56.216.69.115
771,Teddi,Pavluk,tpavlukle@mozilla.com,Female,133.94.207.125
772,Dacey,Ashpole,dashpolelf@over-blog.com,Female,167.252.194.223
773,Nataniel,Flannery,nflannerylg@example.com,Male,159.117.64.186
774,Candace,Jeggo,cjeggolh@discuz.net,Female,40.238.125.114
775,Otto,Asple,oaspleli@dropbox.com,Male,45.232.199.111
776,Hale,Powell,hpowelllj@usgs.gov,Male,1.123.146.131
777,Lowrance,Imloch,limlochlk@quantcast.com,Male,46.8.124.19
778,Dodi,Godspeede,dgodspeedell@w3.org,Female,62.173.18.28
779,Thorvald,MacCardle,tmaccardlelm@salon.com,Male,76.153.211.46
780,Helsa,Guesford,hguesfordln@psu.edu,Female,194.38.56.150
781,Gage,Beddon,gbeddonlo@xing.com,Male,38.239.16.65
782,Wolfy,McMonies,wmcmonieslp@forbes.com,Bigender,27.65.102.222
783,Damiano,Goodnow,dgoodnowlq@homestead.com,Male,7.68.149.85
784,Alfonso,Salvati,asalvatilr@csmonitor.com,Male,73.214.53.224
785,Marcile,Dowker,mdowkerls@studiopress.com,Female,198.1.217.147
786,Stan,Semkins,ssemkinslt@usatoday.com,Male,104.76.253.123
787,Esra,Jarrell,ejarrelllu@google.it,Male,89.150.21.87
788,Ynes,Widocks,ywidockslv@printfriendly.com,Female,102.97.78.39
789,Margarethe,Neiland,mneilandlw@mediafire.com,Female,133.56.66.181
790,Gard,O'Fairy,gofairylx@nature.com,Male,172.184.79.28
791,Bari,Loughan,bloughanly@state.tx.us,Genderqueer,25.174.11.215
792,Sibylle,Weadick,sweadicklz@taobao.com,Female,43.108.114.5
793,Donavon,Sheed,dsheedm0@ibm.com,Male,221.142.102.88
794,Lefty,Cuttin,lcuttinm1@ask.com,Male,106.42.183.232
795,Ephrem,Lippitt,elippittm2@wix.com,Male,161.177.152.98
796,Clementina,Le Brom,clebromm3@jigsy.com,Genderfluid,56.138.202.206
797,Elwira,Huckster,ehucksterm4@senate.gov,Female,191.41.39.187
798,Maynard,Smeall,msmeallm5@printfriendly.com,Male,104.123.125.215
799,Darya,Boddis,dboddism6@mediafire.com,Female,56.8.37.249
800,Rhodie,Griffitts,rgriffittsm7@theglobeandmail.com,Female,255.178.120.128
801,Annabella,Blampey,ablampeym8@rediff.com,Female,141.160.157.155
802,Zared,Simononsky,zsimononskym9@npr.org,Genderfluid,115.235.187.29
803,Martina,Christoffels,mchristoffelsma@prlog.org,Female,199.123.45.105
804,Kristal,Seeger,kseegermb@kickstarter.com,Female,49.189.37.82
805,Saraann,Howen,showenmc@last.fm,Female,102.155.94.95
806,Gage,Liveley,gliveleymd@chicagotribune.com,Male,145.14.187.131
807,Aline,Bonder,abonderme@archive.org,Female,43.132.103.14
808,Garnet,More,gmoremf@devhub.com,Female,1.155.43.66
809,Issie,Pautard,ipautardmg@berkeley.edu,Female,20.234.199.191
810,Rancell,Landis,rlandismh@newyorker.com,Bigender,66.86.131.174
811,Bernadina,Gippes,bgippesmi@archive.org,Female,204.244.199.58
812,Cornall,Seamon,cseamonmj@github.io,Male,176.80.177.150
813,Helene,Corbett,hcorbettmk@howstuffworks.com,Female,229.39.78.208
814,Darsey,Crayke,dcraykeml@google.es,Female,146.234.94.96
815,Marsiella,Pfiffer,mpfiffermm@bloomberg.com,Female,233.208.177.125
816,Desiri,Kirkland,dkirklandmn@freewebs.com,Female,99.61.193.224
817,Enrika,Ioselev,eioselevmo@moonfruit.com,Female,123.27.28.191
818,Corrie,Janko,cjankomp@ebay.co.uk,Male,4.68.48.82
819,Elisabeth,Hegg,eheggmq@foxnews.com,Female,238.219.43.78
820,Hunt,Mathieu,hmathieumr@vistaprint.com,Male,11.216.164.191
821,Jeramey,Guilloneau,jguilloneaums@vimeo.com,Male,153.87.147.221
822,Alwin,Clappison,aclappisonmt@who.int,Male,211.45.217.123
823,Judas,Lyven,jlyvenmu@soup.io,Male,1.106.93.217
824,Eliza,Renshaw,erenshawmv@technorati.com,Female,72.162.107.70
825,Sigismondo,Cockrell,scockrellmw@simplemachines.org,Male,168.102.33.45
826,Gregorius,McMenamy,gmcmenamymx@phpbb.com,Male,250.56.38.122
827,Patrice,Moxson,pmoxsonmy@cam.ac.uk,Female,170.212.68.50
828,Hedda,Whyke,hwhykemz@europa.eu,Female,31.210.20.13
829,Marie-jeanne,Leverington,mleveringtonn0@admin.ch,Female,252.59.149.212
830,Job,Wasson,jwassonn1@delicious.com,Male,94.17.133.194
831,Wiatt,Pacey,wpaceyn2@tinypic.com,Agender,94.100.199.88
832,Raleigh,Geerling,rgeerlingn3@whitehouse.gov,Polygender,124.231.203.40
833,Poul,Broadfield,pbroadfieldn4@biblegateway.com,Male,151.118.173.197
834,Dennison,Pennino,dpenninon5@china.com.cn,Male,48.197.68.79
835,Donna,Grevel,dgreveln6@ibm.com,Female,47.240.134.216
836,Maddy,Caseley,mcaseleyn7@bluehost.com,Female,34.191.242.24
837,Saraann,Pherps,spherpsn8@disqus.com,Female,196.46.65.174
838,Bradley,Bowdler,bbowdlern9@weibo.com,Male,39.196.204.255
839,Allard,Itzkovici,aitzkovicina@ask.com,Male,13.107.85.255
840,Mile,Kimbrough,mkimbroughnb@tinyurl.com,Male,34.203.86.206
841,Jonah,Cunniff,jcunniffnc@go.com,Male,232.146.154.14
842,Dulcia,Grigoryev,dgrigoryevnd@senate.gov,Female,99.31.180.82
843,Maisie,Tirkin,mtirkinne@tripadvisor.com,Female,35.39.218.57
844,Chiquita,Winridge,cwinridgenf@accuweather.com,Female,185.16.142.65
845,Adda,Matskiv,amatskivng@vkontakte.ru,Female,94.236.108.226
846,Antonio,Claybourn,aclaybournnh@hostgator.com,Male,10.64.68.63
847,Aurie,Haggard,ahaggardni@comcast.net,Female,190.253.67.134
848,Clarence,McShirrie,cmcshirrienj@blinklist.com,Male,211.221.60.96
849,Orelie,Demeza,odemezank@mozilla.com,Polygender,115.220.15.115
850,Jacynth,Tanzer,jtanzernl@sina.com.cn,Female,47.76.185.211
851,Niki,McAuslan,nmcauslannm@foxnews.com,Male,89.79.132.187
852,Findlay,Anthoin,fanthoinnn@hud.gov,Male,232.144.106.51
853,Ferris,Halkyard,fhalkyardno@ft.com,Male,61.189.176.129
854,Kenn,Chastey,kchasteynp@pagesperso-orange.fr,Male,164.237.156.241
855,Putnem,Saunton,psauntonnq@amazon.com,Male,203.104.65.0
856,Dianne,De Fries,ddefriesnr@weather.com,Female,217.7.81.49
857,Warde,Lowres,wlowresns@oaic.gov.au,Male,186.146.111.57
858,Nehemiah,Megroff,nmegroffnt@economist.com,Male,118.132.21.218
859,Terri,Winman,twinmannu@moonfruit.com,Female,142.66.71.5
860,Barb,Venditti,bvendittinv@unblog.fr,Female,93.79.148.140
861,Jolie,Reide,jreidenw@guardian.co.uk,Female,184.3.173.176
862,Millicent,Hubbucke,mhubbuckenx@reuters.com,Female,138.149.162.203
863,Leann,Tabour,ltabourny@ed.gov,Female,207.252.60.166
864,Hilarius,Coleson,hcolesonnz@shinystat.com,Male,36.100.79.184
865,Jewell,Quernel,jquernelo0@nyu.edu,Female,60.50.185.107
866,Padgett,Wookey,pwookeyo1@opera.com,Male,79.91.135.219
867,Ron,Basindale,rbasindaleo2@trellian.com,Male,116.209.169.68
868,Pansie,Bugden,pbugdeno3@soup.io,Female,59.194.113.129
869,Isac,Cromie,icromieo4@home.pl,Male,193.247.180.167
870,Lianne,Coonihan,lcoonihano5@nsw.gov.au,Female,88.28.80.213
871,Kevon,Kegan,kkegano6@sina.com.cn,Male,111.57.183.172
872,Shermy,Bowland,sbowlando7@delicious.com,Male,196.178.133.49
873,Gavra,Lenham,glenhamo8@ed.gov,Female,21.129.153.92
874,Dillon,Densumbe,ddensumbeo9@goo.ne.jp,Male,153.119.217.42
875,Osmond,Matthaus,omatthausoa@webmd.com,Male,107.130.88.250
876,Roslyn,Ullett,rullettob@hao123.com,Agender,18.65.254.46
877,Constantine,Causton,ccaustonoc@gizmodo.com,Bigender,11.140.65.232
878,Frasquito,Bamber,fbamberod@imgur.com,Male,86.168.229.181
879,Alis,Straine,astraineoe@multiply.com,Female,162.36.100.16
880,Vonni,Celier,vcelierof@nba.com,Female,37.114.138.121
881,Udell,Leteurtre,uleteurtreog@livejournal.com,Male,161.58.255.58
882,Peadar,Sandwick,psandwickoh@oakley.com,Genderfluid,156.40.60.235
883,Faustine,Goodoune,fgoodouneoi@deliciousdays.com,Female,152.19.125.119
884,Ervin,Angove,eangoveoj@illinois.edu,Male,100.164.148.76
885,Franky,Tankus,ftankusok@youtube.com,Male,38.32.245.50
886,Lisette,Baddeley,lbaddeleyol@sbwire.com,Female,194.187.81.21
887,Sherry,Le Cornu,slecornuom@fastcompany.com,Female,135.47.8.233
888,Paddy,Culleton,pculletonon@fema.gov,Male,170.9.140.247
889,Christy,Steinhammer,csteinhammeroo@blogtalkradio.com,Male,3.152.149.186
890,Kippy,Woodroof,kwoodroofop@apache.org,Female,116.254.143.155
891,Leland,Farthin,lfarthinoq@unc.edu,Male,47.14.83.22
892,Janet,Slatten,jslattenor@spotify.com,Bigender,141.31.253.135
893,Mattie,Van der Beken,mvanderbekenos@google.com.au,Male,5.29.253.187
894,Moore,Schultze,mschultzeot@kickstarter.com,Male,99.190.225.206
895,Arline,McKleod,amckleodou@nature.com,Female,105.143.160.113
896,Archibald,Pavia,apaviaov@xing.com,Agender,57.141.34.227
897,Graham,Inott,ginottow@unc.edu,Male,118.219.131.14
898,Garfield,Greenrod,ggreenrodox@ucsd.edu,Male,139.42.142.118
899,Had,Wadsworth,hwadsworthoy@ft.com,Male,7.25.153.178
900,Randolf,Sprakes,rsprakesoz@google.es,Male,71.95.45.97
901,Walliw,Rosser,wrosserp0@ihg.com,Female,74.142.150.201
902,Doralia,Megahey,dmegaheyp1@techcrunch.com,Female,131.82.83.155
903,Sella,Knobell,sknobellp2@oaic.gov.au,Female,61.77.13.81
904,Lutero,Burroughes,lburroughesp3@salon.com,Male,27.123.173.8
905,Yvon,Cowburn,ycowburnp4@latimes.com,Male,149.185.243.34
906,Lynnell,Balentyne,lbalentynep5@parallels.com,Female,173.148.73.138
907,Lib,Manville,lmanvillep6@mozilla.org,Female,195.52.173.49
908,Jeremy,Atto,jattop7@163.com,Male,127.246.38.247
909,Aubry,Burness,aburnessp8@army.mil,Female,135.73.144.26
910,Sianna,Lanaway,slanawayp9@weather.com,Female,71.132.25.206
911,Consuelo,Handrek,chandrekpa@earthlink.net,Female,56.180.129.62
912,Alfie,Maryan,amaryanpb@xing.com,Male,48.62.242.225
913,Eudora,Thibodeaux,ethibodeauxpc@bigcartel.com,Female,61.203.16.181
914,Auberon,Walters,awalterspd@weather.com,Genderqueer,202.18.195.114
915,Nico,Rayburn,nrayburnpe@mlb.com,Male,232.223.149.80
916,Eolanda,Taplin,etaplinpf@npr.org,Genderfluid,211.249.78.2
917,Imogen,Dotterill,idotterillpg@umn.edu,Female,29.68.248.33
918,Verna,Redwood,vredwoodph@opera.com,Female,161.43.214.236
919,Rodney,Tootal,rtootalpi@posterous.com,Male,62.79.55.177
920,Floyd,Coules,fcoulespj@comsenz.com,Male,213.182.111.210
921,Nobie,Gilhouley,ngilhouleypk@freewebs.com,Male,52.163.91.130
922,Kyla,Coumbe,kcoumbepl@aol.com,Female,179.94.125.66
923,Euphemia,Paddefield,epaddefieldpm@edublogs.org,Female,31.111.94.10
924,Broddy,Godon,bgodonpn@noaa.gov,Male,111.189.42.80
925,Floyd,Danilishin,fdanilishinpo@oakley.com,Male,36.149.0.23
926,Meta,Gery,mgerypp@ucoz.com,Female,205.53.222.80
927,Petr,Ferris,pferrispq@bandcamp.com,Male,85.168.208.41
928,Munroe,Brideoke,mbrideokepr@mayoclinic.com,Agender,193.209.173.30
929,Conrad,Girke,cgirkeps@desdev.cn,Genderfluid,133.186.187.225
930,Sinclare,Grimmolby,sgrimmolbypt@weather.com,Male,198.180.54.22
931,Elyn,Gwyllt,egwylltpu@fotki.com,Polygender,48.141.14.2
932,Pia,Hook,phookpv@cocolog-nifty.com,Female,66.48.27.6
933,Joey,Sineath,jsineathpw@amazon.com,Male,59.178.213.136
934,Alisun,Bunyard,abunyardpx@live.com,Female,251.120.156.181
935,Libbie,Deeth,ldeethpy@wired.com,Female,22.116.52.105
936,Jo,Abell,jabellpz@netlog.com,Female,113.18.233.133
937,Rubin,Miroy,rmiroyq0@constantcontact.com,Male,186.86.188.17
938,Helaina,Coston,hcostonq1@hibu.com,Female,212.151.235.215
939,Odette,Scoullar,oscoullarq2@who.int,Non-binary,25.78.118.58
940,Celesta,Roelvink,croelvinkq3@netlog.com,Bigender,213.110.109.171
941,Letta,Howsam,lhowsamq4@un.org,Female,123.110.183.199
942,Dianne,Baudic,dbaudicq5@microsoft.com,Female,34.189.50.50
943,Darren,Paoletto,dpaolettoq6@sphinn.com,Genderqueer,86.47.231.229
944,Gizela,Siveter,gsiveterq7@gravatar.com,Female,157.1.184.83
945,Susi,Giannazzo,sgiannazzoq8@csmonitor.com,Female,121.134.71.157
946,Baryram,Scandrett,bscandrettq9@nsw.gov.au,Male,187.172.2.211
947,Paddie,Dutt,pduttqa@europa.eu,Male,90.36.1.22
948,Randene,Blagden,rblagdenqb@examiner.com,Female,42.12.133.128
949,Jarrad,Staterfield,jstaterfieldqc@desdev.cn,Male,181.205.195.107
950,Nariko,Bermingham,nberminghamqd@sciencedirect.com,Female,183.46.162.246
951,Delmar,Stoffler,dstofflerqe@etsy.com,Male,150.204.159.142
952,Audry,Hutcheon,ahutcheonqf@netscape.com,Female,96.191.214.80
953,Aubrey,Enrico,aenricoqg@google.co.jp,Female,17.143.180.15
954,Grier,Blankau,gblankauqh@naver.com,Genderqueer,106.118.37.172
955,Ben,Haacker,bhaackerqi@quantcast.com,Male,193.151.174.170
956,Mikel,Hymers,mhymersqj@ucla.edu,Male,212.131.78.233
957,Hall,Loseby,hlosebyqk@slideshare.net,Male,224.20.187.233
958,Zacherie,Bolver,zbolverql@mac.com,Male,170.161.112.214
959,Kylynn,Aldhouse,kaldhouseqm@example.com,Female,81.141.39.101
960,June,Cast,jcastqn@sogou.com,Female,226.220.136.110
961,Ann,Sheed,asheedqo@homestead.com,Female,243.88.101.93
962,Garvey,Dibnah,gdibnahqp@wikispaces.com,Male,77.170.81.234
963,Hayes,Redgate,hredgateqq@miitbeian.gov.cn,Male,139.121.247.23
964,Byram,Pedron,bpedronqr@com.com,Male,230.75.10.44
965,Bobinette,Blenkinsopp,bblenkinsoppqs@pagesperso-orange.fr,Female,179.72.220.62
966,Giorgia,Crimin,gcriminqt@toplist.cz,Female,140.227.134.16
967,Delmar,Grubb,dgrubbqu@unesco.org,Male,220.241.208.182
968,Barbe,Powdrill,bpowdrillqv@java.com,Female,85.113.154.194
969,Lainey,Craxford,lcraxfordqw@homestead.com,Polygender,4.112.169.32
970,Margaret,Stanyland,mstanylandqx@nationalgeographic.com,Female,110.153.161.28
971,Zonnya,O'Shields,zoshieldsqy@columbia.edu,Female,183.209.241.195
972,Jobie,Ayliffe,jayliffeqz@sakura.ne.jp,Female,212.50.222.55
973,Ludovika,Ayers,layersr0@utexas.edu,Female,60.212.164.36
974,Rahal,Witherbed,rwitherbedr1@webnode.com,Female,41.174.251.68
975,Arleen,Baroche,abarocher2@intel.com,Female,12.35.7.27
976,Pauly,Battman,pbattmanr3@army.mil,Male,246.145.92.127
977,Ros,Dunford,rdunfordr4@ovh.net,Female,77.90.54.21
978,Genna,Cattlow,gcattlowr5@arizona.edu,Female,235.245.187.216
979,Darcey,Rickhuss,drickhussr6@woothemes.com,Female,17.162.173.217
980,Constancia,Mordon,cmordonr7@sogou.com,Female,210.0.192.178
981,Cort,Linskey,clinskeyr8@cnbc.com,Male,186.214.243.255
982,Ardelia,Bladon,abladonr9@blinklist.com,Female,127.102.149.230
983,Hersh,Jenkison,hjenkisonra@yahoo.co.jp,Non-binary,48.162.145.183
984,Lonni,Moir,lmoirrb@exblog.jp,Female,48.228.55.254
985,Anthiathia,Elizabeth,aelizabethrc@bizjournals.com,Female,74.34.202.66
986,Callean,Witnall,cwitnallrd@sakura.ne.jp,Bigender,33.232.129.55
987,Barret,Sutlieff,bsutlieffre@bing.com,Male,45.199.115.137
988,Ollie,Langworthy,olangworthyrf@time.com,Female,31.6.47.92
989,Gilles,Skittles,gskittlesrg@uiuc.edu,Male,41.193.152.26
990,Ellswerth,Beavis,ebeavisrh@statcounter.com,Male,196.134.95.164
991,Walton,Caig,wcaigri@multiply.com,Male,121.233.165.187
992,Hallsy,Blackborough,hblackboroughrj@oakley.com,Male,152.96.220.12
993,Camile,Youson,cyousonrk@networksolutions.com,Female,0.68.62.147
994,Emylee,Duckfield,educkfieldrl@phpbb.com,Female,35.122.191.111
995,Ardath,Dockwray,adockwrayrm@narod.ru,Bigender,33.170.117.4
996,Benson,Winspire,bwinspirern@diigo.com,Male,138.160.158.151
997,Julita,Gorriessen,jgorriessenro@prlog.org,Female,170.249.45.245
998,Pet,Overell,poverellrp@independent.co.uk,Female,95.165.14.162
999,Kristyn,Davey,kdaveyrq@pbs.org,Female,124.207.5.211
1000,Cynthie,Wimpey,cwimpeyrr@youtube.com,Female,13.96.76.4
